Accomodation,Location,No. of Spots Available
Walter LLC,3595 Gale Terrace,1
Kreiger, Medhurst and Cole,2
Wintheiser-Mertz,05 Kropf Point,3
Cremin-Jaskolski,39005 Maple Wood Junction,4
Sawayn Inc,3814 Village Green Hill,5
Jacobi-Bergnaum,109 Loeprich Place,6
Zulauf LLC,288 Fairview Terrace,7
Gislason Fahey and Hegmann,515 Lien Plaza,8
Shanahan-Terry,699 Scoville Junction,9
Altenwerth Conn and Schinner,12 Cardinal Circle,10
Pouros Pollich and Rolfson,91149 Delladonna Road,11
Hirthe Rolfson and Kulas,0 Westerfield Terrace,12
Bins LLC,930 Northwestern Parkway,13
Kozey-Green,67719 Rutledge Crossing,14
